ChannelGroup,ChannelName,SourceRow,ReferencedPart,Axis,ExpectedIndex,ExpectedX,ExpectedY,ExpectedZ,ActualOccurrence,ActualFeature,ActualHoleIndex,ActualX,ActualY,ActualZ,DeltaX,DeltaY,DeltaZ,TotalDistance,ExpectedDiameter,ActualDiameter,MatchStatus,Confidence,Notes
Floor Channels,FLOOR_CHAN_1,6,091-30102-458,X,0,9.0000,0.0000,0.7500,091-30102-458:1,CylinderFace,37,7.1053,0.9602,1.3947,-1.8947,0.9602,0.6447,2.2198,0.3120,0.0006,Missing,Confirmed,No matching physical hole found near expected coordinates.
Floor Channels,FLOOR_CHAN_1,6,091-30102-458,X,1,14.2667,0.0000,0.7500,091-30102-458:1,CylinderFace,3,17.5835,1.3850,1.4475,3.3168,1.3850,0.6975,3.6614,0.3120,0.2030,Missing,Confirmed,No matching physical hole found near expected coordinates.
Floor Channels,FLOOR_CHAN_1,6,091-30102-458,X,2,19.5333,0.0000,0.7500,091-30102-458:1,CylinderFace,4,18.4165,1.3850,1.4475,-1.1168,1.3850,0.6975,1.9110,0.3120,0.2030,Missing,Confirmed,No matching physical hole found near expected coordinates.
Floor Channels,FLOOR_CHAN_1,6,091-30102-458,X,3,24.8000,0.0000,0.7500,091-30102-458:1,CylinderFace,4,18.4165,1.3850,1.4475,-6.3835,1.3850,0.6975,6.5692,0.3120,0.2030,Missing,Confirmed,No matching physical hole found near expected coordinates.
Floor Channels,FLOOR_CHAN_1,6,091-30102-458,X,4,30.0667,0.0000,0.7500,091-30102-458:1,CylinderFace,4,18.4165,1.3850,1.4475,-11.6502,1.3850,0.6975,11.7529,0.3120,0.2030,Missing,Confirmed,No matching physical hole found near expected coordinates.
Floor Channels,FLOOR_CHAN_1,6,091-30102-458,X,5,35.3333,0.0000,0.7500,091-30102-458:1,CylinderFace,39,48.4474,0.2103,1.3947,13.1140,0.2103,0.6447,13.1315,0.3120,0.0006,Missing,Confirmed,No matching physical hole found near expected coordinates.
Floor Channels,FLOOR_CHAN_1,6,091-30102-458,X,6,40.6000,0.0000,0.7500,091-30102-458:1,CylinderFace,39,48.4474,0.2103,1.3947,7.8474,0.2103,0.6447,7.8766,0.3120,0.0006,Missing,Confirmed,No matching physical hole found near expected coordinates.
Floor Channels,FLOOR_CHAN_1,6,091-30102-458,X,7,45.8667,0.0000,0.7500,091-30102-458:1,CylinderFace,39,48.4474,0.2103,1.3947,2.5807,0.2103,0.6447,2.6683,0.3120,0.0006,Missing,Confirmed,No matching physical hole found near expected coordinates.
Floor Channels,FLOOR_CHAN_1,6,091-30102-458,X,8,51.1333,0.0000,0.7500,091-30102-458:1,CylinderFace,39,48.4474,0.2103,1.3947,-2.6860,0.2103,0.6447,2.7703,0.3120,0.0006,Missing,Confirmed,No matching physical hole found near expected coordinates.
Floor Channels,FLOOR_CHAN_1,6,091-30102-458,X,9,56.4000,0.0000,0.7500,091-30102-458:1,CylinderFace,2,54.4165,1.3850,1.4475,-1.9835,1.3850,0.6975,2.5177,0.3120,0.2030,Missing,Confirmed,No matching physical hole found near expected coordinates.
Floor Channels,FLOOR_CHAN_1,6,091-30102-458,X,10,61.6667,0.0000,0.7500,091-30102-458:1,CylinderFace,2,54.4165,1.3850,1.4475,-7.2502,1.3850,0.6975,7.4142,0.3120,0.2030,Missing,Confirmed,No matching physical hole found near expected coordinates.
Floor Channels,FLOOR_CHAN_1,6,091-30102-458,X,11,66.9333,0.0000,0.7500,091-30102-458:1,CylinderFace,2,54.4165,1.3850,1.4475,-12.5168,1.3850,0.6975,12.6125,0.3120,0.2030,Missing,Confirmed,No matching physical hole found near expected coordinates.
Floor Channels,FLOOR_CHAN_1,6,091-30102-458,X,12,72.2000,0.0000,0.7500,091-30102-458:1,CylinderFace,0,89.5835,1.3850,1.4475,17.3835,1.3850,0.6975,17.4525,0.3120,0.2030,Missing,Confirmed,No matching physical hole found near expected coordinates.
Floor Channels,FLOOR_CHAN_1,6,091-30102-458,X,13,77.4667,0.0000,0.7500,091-30102-458:1,CylinderFace,0,89.5835,1.3850,1.4475,12.1168,1.3850,0.6975,12.2157,0.3120,0.2030,Missing,Confirmed,No matching physical hole found near expected coordinates.
Floor Channels,FLOOR_CHAN_1,6,091-30102-458,X,14,82.7333,0.0000,0.7500,091-30102-458:1,CylinderFace,0,89.5835,1.3850,1.4475,6.8502,1.3850,0.6975,7.0235,0.3120,0.2030,Missing,Confirmed,No matching physical hole found near expected coordinates.
Floor Channels,FLOOR_CHAN_1,6,091-30102-458,X,15,88.0000,0.0000,0.7500,091-30102-458:1,CylinderFace,41,89.8947,0.9075,1.3947,1.8947,0.9075,0.6447,2.1975,0.3120,0.0006,Missing,Confirmed,No matching physical hole found near expected coordinates.
Floor Channels,FLOOR_CHAN_4,9,091-30102-461,X,0,2.3100,0.0000,0.7500,091-30102-461:1,CylinderFace,53,2.3100,-0.0942,0.7500,0.0000,-0.0942,0.0000,0.0942,0.3120,0.2180,Mislocated,Confirmed,Candidate hole found but displaced by 0.0942 in.
Floor Channels,FLOOR_CHAN_4,9,091-30102-461,X,1,5.0000,0.0000,0.7500,091-30102-461:1,CylinderFace,52,5.0000,-0.0942,0.7500,0.0000,-0.0942,0.0000,0.0942,0.3120,0.2180,Mislocated,Confirmed,Candidate hole found but displaced by 0.0942 in.
Floor Channels,FLOOR_CHAN_5,10,091-30102-462,X,0,175.0000,0.0000,0.7500,091-30102-462:1,CylinderFace,114,175.0000,-0.0418,0.7500,0.0000,-0.0418,0.0000,0.0418,0.3120,0.2180,Mislocated,Confirmed,Candidate hole found but displaced by 0.0418 in.
Floor Channels,FLOOR_CHAN_5,10,091-30102-462,X,1,176.6900,0.0000,0.7500,091-30102-462:1,CylinderFace,115,176.6900,-0.0418,0.7500,0.0000,-0.0418,0.0000,0.0418,0.3120,0.2180,Mislocated,Confirmed,Candidate hole found but displaced by 0.0418 in.
Roof Channels,ROOF_CHAN_1,28,091-30102-461,X,0,2.3100,118.0000,0.7500,091-30102-461:1,CylinderFace,101,3.6550,117.8947,1.3947,1.3450,-0.1053,0.6447,1.4952,0.3120,0.0006,Missing,Confirmed,No matching physical hole found near expected coordinates.
Roof Channels,ROOF_CHAN_1,28,091-30102-461,X,1,5.0000,118.0000,0.7500,091-30102-461:1,CylinderFace,101,3.6550,117.8947,1.3947,-1.3450,-0.1053,0.6447,1.4952,0.3120,0.0006,Missing,Confirmed,No matching physical hole found near expected coordinates.
Roof Channels,ROOF_CHAN_2,29,091-30102-462,X,0,175.0000,118.0000,0.7500,091-30102-462:1,CylinderFace,163,175.8450,117.8947,1.3947,0.8450,-0.1053,0.6447,1.0681,0.3120,0.0006,Missing,Confirmed,No matching physical hole found near expected coordinates.
Roof Channels,ROOF_CHAN_2,29,091-30102-462,X,1,176.6900,118.0000,0.7500,091-30102-462:1,CylinderFace,163,175.8450,117.8947,1.3947,-0.8450,-0.1053,0.6447,1.0681,0.3120,0.0006,Missing,Confirmed,No matching physical hole found near expected coordinates.
South Wall Channels,LEFT_HAND_CHAN_1,45,091-30102-462,Y,0,179.0000,1.8950,0.7500,091-30102-462:1,CylinderFace,137,178.6375,1.9037,0.7500,-0.3625,0.0087,0.0000,0.3626,0.3120,0.2180,Mislocated,Confirmed,Candidate hole found but displaced by 0.3626 in.
South Wall Channels,LEFT_HAND_CHAN_1,45,091-30102-462,Y,1,179.0000,7.3236,0.7500,091-30102-462:1,CylinderFace,136,178.6375,7.3323,0.7500,-0.3625,0.0087,0.0000,0.3626,0.3120,0.2180,Mislocated,Confirmed,Candidate hole found but displaced by 0.3626 in.
South Wall Channels,LEFT_HAND_CHAN_1,45,091-30102-462,Y,2,179.0000,12.7521,0.7500,091-30102-462:1,CylinderFace,135,178.6375,12.7609,0.7500,-0.3625,0.0087,0.0000,0.3626,0.3120,0.2180,Mislocated,Confirmed,Candidate hole found but displaced by 0.3626 in.
South Wall Channels,LEFT_HAND_CHAN_1,45,091-30102-462,Y,3,179.0000,18.1807,0.7500,091-30102-462:1,CylinderFace,134,178.6375,18.1894,0.7500,-0.3625,0.0087,0.0000,0.3626,0.3120,0.2180,Mislocated,Confirmed,Candidate hole found but displaced by 0.3626 in.
South Wall Channels,LEFT_HAND_CHAN_1,45,091-30102-462,Y,4,179.0000,23.6093,0.7500,091-30102-462:1,CylinderFace,133,178.6375,23.6180,0.7500,-0.3625,0.0087,0.0000,0.3626,0.3120,0.2180,Mislocated,Confirmed,Candidate hole found but displaced by 0.3626 in.
South Wall Channels,LEFT_HAND_CHAN_1,45,091-30102-462,Y,5,179.0000,29.0378,0.7500,091-30102-462:1,CylinderFace,132,178.6375,29.0466,0.7500,-0.3625,0.0087,0.0000,0.3626,0.3120,0.2180,Mislocated,Confirmed,Candidate hole found but displaced by 0.3626 in.
South Wall Channels,LEFT_HAND_CHAN_1,45,091-30102-462,Y,6,179.0000,34.4664,0.7500,091-30102-462:1,CylinderFace,131,178.6375,34.4751,0.7500,-0.3625,0.0087,0.0000,0.3626,0.3120,0.2180,Mislocated,Confirmed,Candidate hole found but displaced by 0.3626 in.
South Wall Channels,LEFT_HAND_CHAN_1,45,091-30102-462,Y,7,179.0000,39.8950,0.7500,091-30102-462:1,CylinderFace,130,178.6375,39.9037,0.7500,-0.3625,0.0087,0.0000,0.3626,0.3120,0.2180,Mislocated,Confirmed,Candidate hole found but displaced by 0.3626 in.
South Wall Channels,LEFT_HAND_CHAN_1,45,091-30102-462,Y,8,179.0000,45.3236,0.7500,091-30102-462:1,CylinderFace,129,178.6375,45.3323,0.7500,-0.3625,0.0087,0.0000,0.3626,0.3120,0.2180,Mislocated,Confirmed,Candidate hole found but displaced by 0.3626 in.
South Wall Channels,LEFT_HAND_CHAN_1,45,091-30102-462,Y,9,179.0000,50.7521,0.7500,091-30102-462:1,CylinderFace,128,178.6375,50.7609,0.7500,-0.3625,0.0087,0.0000,0.3626,0.3120,0.2180,Mislocated,Confirmed,Candidate hole found but displaced by 0.3626 in.
South Wall Channels,LEFT_HAND_CHAN_1,45,091-30102-462,Y,10,179.0000,56.1807,0.7500,091-30102-462:1,CylinderFace,127,178.6375,56.1894,0.7500,-0.3625,0.0087,0.0000,0.3626,0.3120,0.2180,Mislocated,Confirmed,Candidate hole found but displaced by 0.3626 in.
South Wall Channels,LEFT_HAND_CHAN_1,45,091-30102-462,Y,11,179.0000,61.6093,0.7500,091-30102-462:1,CylinderFace,126,178.6375,61.6180,0.7500,-0.3625,0.0087,0.0000,0.3626,0.3120,0.2180,Mislocated,Confirmed,Candidate hole found but displaced by 0.3626 in.
South Wall Channels,LEFT_HAND_CHAN_1,45,091-30102-462,Y,12,179.0000,67.0378,0.7500,091-30102-462:1,CylinderFace,125,178.6375,67.0466,0.7500,-0.3625,0.0087,0.0000,0.3626,0.3120,0.2180,Mislocated,Confirmed,Candidate hole found but displaced by 0.3626 in.
South Wall Channels,LEFT_HAND_CHAN_1,45,091-30102-462,Y,13,179.0000,72.4664,0.7500,091-30102-462:1,CylinderFace,124,178.6375,72.4751,0.7500,-0.3625,0.0087,0.0000,0.3626,0.3120,0.2180,Mislocated,Confirmed,Candidate hole found but displaced by 0.3626 in.
South Wall Channels,LEFT_HAND_CHAN_1,45,091-30102-462,Y,14,179.0000,77.8950,0.7500,091-30102-462:1,CylinderFace,123,178.6375,77.9037,0.7500,-0.3625,0.0087,0.0000,0.3626,0.3120,0.2180,Mislocated,Confirmed,Candidate hole found but displaced by 0.3626 in.
South Wall Channels,LEFT_HAND_CHAN_1,45,091-30102-462,Y,15,179.0000,83.3236,0.7500,091-30102-462:1,CylinderFace,122,178.6375,83.3323,0.7500,-0.3625,0.0087,0.0000,0.3626,0.3120,0.2180,Mislocated,Confirmed,Candidate hole found but displaced by 0.3626 in.
South Wall Channels,LEFT_HAND_CHAN_1,45,091-30102-462,Y,16,179.0000,88.7521,0.7500,091-30102-462:1,CylinderFace,121,178.6375,88.7609,0.7500,-0.3625,0.0087,0.0000,0.3626,0.3120,0.2180,Mislocated,Confirmed,Candidate hole found but displaced by 0.3626 in.
South Wall Channels,LEFT_HAND_CHAN_1,45,091-30102-462,Y,17,179.0000,94.1807,0.7500,091-30102-462:1,CylinderFace,120,178.6375,94.1894,0.7500,-0.3625,0.0087,0.0000,0.3626,0.3120,0.2180,Mislocated,Confirmed,Candidate hole found but displaced by 0.3626 in.
South Wall Channels,LEFT_HAND_CHAN_1,45,091-30102-462,Y,18,179.0000,99.6093,0.7500,091-30102-462:1,CylinderFace,119,178.6375,99.6180,0.7500,-0.3625,0.0087,0.0000,0.3626,0.3120,0.2180,Mislocated,Confirmed,Candidate hole found but displaced by 0.3626 in.
South Wall Channels,LEFT_HAND_CHAN_1,45,091-30102-462,Y,19,179.0000,105.0378,0.7500,091-30102-462:1,CylinderFace,118,178.6375,105.0466,0.7500,-0.3625,0.0087,0.0000,0.3626,0.3120,0.2180,Mislocated,Confirmed,Candidate hole found but displaced by 0.3626 in.
South Wall Channels,LEFT_HAND_CHAN_1,45,091-30102-462,Y,20,179.0000,110.4664,0.7500,091-30102-462:1,CylinderFace,117,178.6375,110.4751,0.7500,-0.3625,0.0087,0.0000,0.3626,0.3120,0.2180,Mislocated,Confirmed,Candidate hole found but displaced by 0.3626 in.
South Wall Channels,LEFT_HAND_CHAN_1,45,091-30102-462,Y,21,179.0000,115.8950,0.7500,091-30102-462:1,CylinderFace,116,178.6375,115.9037,0.7500,-0.3625,0.0087,0.0000,0.3626,0.3120,0.2180,Mislocated,Confirmed,Candidate hole found but displaced by 0.3626 in.
North Wall Channels,RIGHT_HAND_CHAN_1,57,091-30102-461,Y,0,0.0000,1.8950,0.7500,091-30102-461:1,CylinderFace,75,0.3625,2.0000,0.7500,0.3625,0.1050,0.0000,0.3774,0.3120,0.2180,Mislocated,Confirmed,Candidate hole found but displaced by 0.3774 in.
North Wall Channels,RIGHT_HAND_CHAN_1,57,091-30102-461,Y,1,0.0000,7.3236,0.7500,091-30102-461:1,CylinderFace,74,0.3625,7.4286,0.7500,0.3625,0.1050,0.0000,0.3774,0.3120,0.2180,Mislocated,Confirmed,Candidate hole found but displaced by 0.3774 in.
North Wall Channels,RIGHT_HAND_CHAN_1,57,091-30102-461,Y,2,0.0000,12.7521,0.7500,091-30102-461:1,CylinderFace,73,0.3625,12.8571,0.7500,0.3625,0.1050,0.0000,0.3774,0.3120,0.2180,Mislocated,Confirmed,Candidate hole found but displaced by 0.3774 in.
North Wall Channels,RIGHT_HAND_CHAN_1,57,091-30102-461,Y,3,0.0000,18.1807,0.7500,091-30102-461:1,CylinderFace,72,0.3625,18.2857,0.7500,0.3625,0.1050,0.0000,0.3774,0.3120,0.2180,Mislocated,Confirmed,Candidate hole found but displaced by 0.3774 in.
North Wall Channels,RIGHT_HAND_CHAN_1,57,091-30102-461,Y,4,0.0000,23.6093,0.7500,091-30102-461:1,CylinderFace,71,0.3625,23.7143,0.7500,0.3625,0.1050,0.0000,0.3774,0.3120,0.2180,Mislocated,Confirmed,Candidate hole found but displaced by 0.3774 in.
North Wall Channels,RIGHT_HAND_CHAN_1,57,091-30102-461,Y,5,0.0000,29.0378,0.7500,091-30102-461:1,CylinderFace,70,0.3625,29.1429,0.7500,0.3625,0.1050,0.0000,0.3774,0.3120,0.2180,Mislocated,Confirmed,Candidate hole found but displaced by 0.3774 in.
North Wall Channels,RIGHT_HAND_CHAN_1,57,091-30102-461,Y,6,0.0000,34.4664,0.7500,091-30102-461:1,CylinderFace,69,0.3625,34.5714,0.7500,0.3625,0.1050,0.0000,0.3774,0.3120,0.2180,Mislocated,Confirmed,Candidate hole found but displaced by 0.3774 in.
North Wall Channels,RIGHT_HAND_CHAN_1,57,091-30102-461,Y,7,0.0000,39.8950,0.7500,091-30102-461:1,CylinderFace,68,0.3625,40.0000,0.7500,0.3625,0.1050,0.0000,0.3774,0.3120,0.2180,Mislocated,Confirmed,Candidate hole found but displaced by 0.3774 in.
North Wall Channels,RIGHT_HAND_CHAN_1,57,091-30102-461,Y,8,0.0000,45.3236,0.7500,091-30102-461:1,CylinderFace,67,0.3625,45.4286,0.7500,0.3625,0.1050,0.0000,0.3774,0.3120,0.2180,Mislocated,Confirmed,Candidate hole found but displaced by 0.3774 in.
North Wall Channels,RIGHT_HAND_CHAN_1,57,091-30102-461,Y,9,0.0000,50.7521,0.7500,091-30102-461:1,CylinderFace,66,0.3625,50.8571,0.7500,0.3625,0.1050,0.0000,0.3774,0.3120,0.2180,Mislocated,Confirmed,Candidate hole found but displaced by 0.3774 in.
North Wall Channels,RIGHT_HAND_CHAN_1,57,091-30102-461,Y,10,0.0000,56.1807,0.7500,091-30102-461:1,CylinderFace,65,0.3625,56.2857,0.7500,0.3625,0.1050,0.0000,0.3774,0.3120,0.2180,Mislocated,Confirmed,Candidate hole found but displaced by 0.3774 in.
North Wall Channels,RIGHT_HAND_CHAN_1,57,091-30102-461,Y,11,0.0000,61.6093,0.7500,091-30102-461:1,CylinderFace,64,0.3625,61.7143,0.7500,0.3625,0.1050,0.0000,0.3774,0.3120,0.2180,Mislocated,Confirmed,Candidate hole found but displaced by 0.3774 in.
North Wall Channels,RIGHT_HAND_CHAN_1,57,091-30102-461,Y,12,0.0000,67.0378,0.7500,091-30102-461:1,CylinderFace,63,0.3625,67.1429,0.7500,0.3625,0.1050,0.0000,0.3774,0.3120,0.2180,Mislocated,Confirmed,Candidate hole found but displaced by 0.3774 in.
North Wall Channels,RIGHT_HAND_CHAN_1,57,091-30102-461,Y,13,0.0000,72.4664,0.7500,091-30102-461:1,CylinderFace,62,0.3625,72.5714,0.7500,0.3625,0.1050,0.0000,0.3774,0.3120,0.2180,Mislocated,Confirmed,Candidate hole found but displaced by 0.3774 in.
North Wall Channels,RIGHT_HAND_CHAN_1,57,091-30102-461,Y,14,0.0000,77.8950,0.7500,091-30102-461:1,CylinderFace,61,0.3625,78.0000,0.7500,0.3625,0.1050,0.0000,0.3774,0.3120,0.2180,Mislocated,Confirmed,Candidate hole found but displaced by 0.3774 in.
North Wall Channels,RIGHT_HAND_CHAN_1,57,091-30102-461,Y,15,0.0000,83.3236,0.7500,091-30102-461:1,CylinderFace,60,0.3625,83.4286,0.7500,0.3625,0.1050,0.0000,0.3774,0.3120,0.2180,Mislocated,Confirmed,Candidate hole found but displaced by 0.3774 in.
North Wall Channels,RIGHT_HAND_CHAN_1,57,091-30102-461,Y,16,0.0000,88.7521,0.7500,091-30102-461:1,CylinderFace,59,0.3625,88.8571,0.7500,0.3625,0.1050,0.0000,0.3774,0.3120,0.2180,Mislocated,Confirmed,Candidate hole found but displaced by 0.3774 in.
North Wall Channels,RIGHT_HAND_CHAN_1,57,091-30102-461,Y,17,0.0000,94.1807,0.7500,091-30102-461:1,CylinderFace,58,0.3625,94.2857,0.7500,0.3625,0.1050,0.0000,0.3774,0.3120,0.2180,Mislocated,Confirmed,Candidate hole found but displaced by 0.3774 in.
North Wall Channels,RIGHT_HAND_CHAN_1,57,091-30102-461,Y,18,0.0000,99.6093,0.7500,091-30102-461:1,CylinderFace,57,0.3625,99.7143,0.7500,0.3625,0.1050,0.0000,0.3774,0.3120,0.2180,Mislocated,Confirmed,Candidate hole found but displaced by 0.3774 in.
North Wall Channels,RIGHT_HAND_CHAN_1,57,091-30102-461,Y,19,0.0000,105.0378,0.7500,091-30102-461:1,CylinderFace,56,0.3625,105.1429,0.7500,0.3625,0.1050,0.0000,0.3774,0.3120,0.2180,Mislocated,Confirmed,Candidate hole found but displaced by 0.3774 in.
North Wall Channels,RIGHT_HAND_CHAN_1,57,091-30102-461,Y,20,0.0000,110.4664,0.7500,091-30102-461:1,CylinderFace,55,0.3625,110.5714,0.7500,0.3625,0.1050,0.0000,0.3774,0.3120,0.2180,Mislocated,Confirmed,Candidate hole found but displaced by 0.3774 in.
North Wall Channels,RIGHT_HAND_CHAN_1,57,091-30102-461,Y,21,0.0000,115.8950,0.7500,091-30102-461:1,CylinderFace,54,0.3625,116.0000,0.7500,0.3625,0.1050,0.0000,0.3774,0.3120,0.2180,Mislocated,Confirmed,Candidate hole found but displaced by 0.3774 in.
